time,cpu(%),ram(%),storage
02-04-25 17:08:30,11.5,79.0,96.37/245.11
02-04-25 17:08:32,15.2,78.1,96.36/245.11
02-04-25 17:08:34,11.5,78.3,96.29/245.11
02-04-25 17:08:36,23.0,75.0,96.26/245.11
02-04-25 17:08:38,7.6,74.6,96.28/245.11
02-04-25 17:08:40,6.9,74.9,96.24/245.11
02-04-25 17:08:42,6.0,75.0,96.20/245.11
02-04-25 17:08:44,7.3,75.0,96.19/245.11
02-04-25 17:08:46,6.2,75.5,96.18/245.11
02-04-25 17:08:48,7.0,75.1,96.14/245.11
02-04-25 17:08:50,7.1,75.3,96.13/245.11
02-04-25 17:08:52,14.6,75.1,96.11/245.11
02-04-25 17:08:54,10.1,75.1,96.06/245.11
02-04-25 17:08:56,9.1,75.1,96.04/245.11
02-04-25 17:08:58,9.6,75.1,96.01/245.11
02-04-25 17:09:00,7.8,75.4,95.99/245.11
02-04-25 17:09:02,4.8,74.8,95.97/245.11
02-04-25 17:09:04,7.2,74.8,95.94/245.11
02-04-25 17:09:06,7.2,74.8,95.92/245.11
02-04-25 17:09:08,6.5,74.8,95.89/245.11
02-04-25 17:09:10,6.7,74.7,95.87/245.11
02-04-25 17:09:12,6.3,74.8,95.85/245.11
02-04-25 17:09:14,6.8,74.8,95.82/245.11
02-04-25 17:09:16,7.4,74.6,95.80/245.11
02-04-25 17:09:18,7.2,74.5,95.77/245.11
02-04-25 17:09:20,12.0,75.0,95.75/245.11
02-04-25 17:09:22,12.8,75.3,95.74/245.11
02-04-25 17:09:24,6.0,74.1,95.70/245.11
02-04-25 17:09:26,11.6,74.2,95.69/245.11
02-04-25 17:09:28,8.5,74.0,95.67/245.11
02-04-25 17:09:30,8.9,74.5,95.64/245.11
02-04-25 17:09:32,12.5,74.0,95.62/245.11
02-04-25 17:09:34,10.1,74.3,95.59/245.11
02-04-25 17:09:36,13.0,73.9,95.57/245.11
02-04-25 17:09:38,12.7,73.8,95.55/245.11
02-04-25 17:09:40,6.8,74.2,95.52/245.11
02-04-25 17:09:42,9.7,73.7,95.50/245.11
02-04-25 17:09:44,16.0,73.9,95.47/245.11
02-04-25 17:09:46,18.4,74.7,95.45/245.11
02-04-25 17:09:48,17.8,74.7,95.43/245.11
02-04-25 17:09:50,11.1,74.6,95.40/245.11
02-04-25 17:09:52,8.7,74.5,95.38/245.11
02-04-25 17:09:54,20.7,74.6,95.36/245.11
02-04-25 17:09:57,8.6,74.6,95.32/245.11
02-04-25 17:09:59,9.0,74.9,95.31/245.11
02-04-25 17:10:01,6.8,74.5,95.27/245.11
02-04-25 17:10:03,7.2,74.5,95.26/245.11
02-04-25 17:10:05,6.1,74.5,95.24/245.11
02-04-25 17:10:07,5.7,74.5,95.21/245.11
02-04-25 17:10:09,10.0,74.9,95.19/245.11
02-04-25 17:10:11,7.0,74.4,95.17/245.11
02-04-25 17:10:13,7.8,74.3,95.16/245.11
02-04-25 17:10:15,9.1,74.4,95.12/245.11
02-04-25 17:10:17,7.7,74.3,95.11/245.11
02-04-25 17:10:19,7.3,74.3,95.09/245.11
02-04-25 17:10:21,8.6,74.5,95.06/245.11
02-04-25 17:10:23,6.4,74.3,95.04/245.11
02-04-25 17:10:25,10.6,74.5,95.00/245.11
02-04-25 17:10:27,5.9,74.4,94.99/245.11
02-04-25 17:10:29,7.7,75.0,95.16/245.11
02-04-25 17:10:31,3.1,74.0,95.16/245.11
02-04-25 17:10:33,1.8,73.8,95.16/245.11
02-04-25 17:10:35,3.4,74.0,95.16/245.11
02-04-25 17:10:37,4.5,74.0,95.16/245.11
02-04-25 17:10:39,6.2,74.4,95.16/245.11
02-04-25 17:10:41,10.0,75.1,95.16/245.11
02-04-25 17:10:43,12.1,74.6,95.16/245.11
02-04-25 17:10:45,10.1,75.2,95.16/245.11
02-04-25 17:10:47,11.0,74.5,95.16/245.11
02-04-25 17:10:49,16.8,75.2,95.16/245.11
02-04-25 17:10:51,10.8,74.4,95.16/245.11
02-04-25 17:10:53,6.0,74.9,95.16/245.11
02-04-25 17:10:55,9.3,74.6,95.15/245.11
02-04-25 17:10:57,6.8,74.4,95.15/245.11
02-04-25 17:10:59,5.1,74.7,95.15/245.11
02-04-25 17:11:01,9.6,74.7,95.15/245.11
02-04-25 17:11:03,9.5,74.8,95.15/245.11
02-04-25 17:11:05,11.1,74.9,95.15/245.11
02-04-25 17:11:07,16.0,74.9,95.15/245.11
02-04-25 17:11:09,7.6,74.7,95.15/245.11
02-04-25 17:11:11,7.3,74.8,95.15/245.11
02-04-25 17:11:13,14.6,75.4,95.15/245.11
02-04-25 17:11:15,4.7,75.1,95.15/245.11
02-04-25 17:11:17,8.3,75.0,95.15/245.11
02-04-25 17:11:19,4.9,75.0,95.15/245.11
02-04-25 17:11:21,9.3,75.5,95.15/245.11
02-04-25 17:11:23,6.5,75.0,95.15/245.11
02-04-25 17:11:25,10.6,75.5,95.15/245.11
02-04-25 17:11:27,10.6,75.2,95.15/245.11
02-04-25 17:11:29,11.2,75.8,95.15/245.11
02-04-25 17:11:31,9.7,74.9,95.16/245.11
02-04-25 17:11:33,7.4,76.0,95.16/245.11
02-04-25 17:11:35,7.8,76.0,95.16/245.11
02-04-25 17:11:37,4.9,74.8,95.16/245.11
02-04-25 17:11:39,5.0,74.6,95.16/245.11
02-04-25 17:11:41,3.4,74.6,95.16/245.11
02-04-25 17:11:43,3.6,75.1,95.16/245.11
02-04-25 17:11:45,7.8,75.2,95.16/245.11
02-04-25 17:11:47,3.3,74.4,95.16/245.11
02-04-25 17:11:49,2.5,74.3,95.16/245.11
02-04-25 17:11:51,3.5,75.0,95.16/245.11
02-04-25 17:11:53,2.9,74.2,95.16/245.11
02-04-25 17:11:55,3.3,74.7,95.16/245.11
02-04-25 17:11:57,1.9,74.3,95.16/245.11
02-04-25 17:11:59,2.8,74.2,95.16/245.11
02-04-25 17:12:01,2.0,73.7,95.16/245.11
02-04-25 17:12:03,1.4,73.6,95.16/245.11
02-04-25 17:12:05,3.0,74.2,95.16/245.11
02-04-25 17:12:07,2.3,73.8,95.16/245.11
02-04-25 17:12:09,2.2,73.7,95.16/245.11
02-04-25 17:12:11,2.8,74.0,95.16/245.11
02-04-25 17:12:13,2.5,73.8,95.16/245.11
02-04-25 17:12:15,2.6,73.8,95.16/245.11
02-04-25 17:12:17,2.1,73.8,95.17/245.11
02-04-25 17:12:19,3.4,73.8,95.17/245.11
02-04-25 17:12:21,5.8,74.4,95.17/245.11
02-04-25 17:12:23,1.6,73.7,95.17/245.11
02-04-25 17:12:25,3.9,74.3,95.16/245.11
02-04-25 17:12:27,2.8,73.4,95.16/245.11
02-04-25 17:12:29,2.3,73.5,95.16/245.11
02-04-25 17:12:31,2.1,73.4,95.16/245.11
02-04-25 17:12:33,1.8,73.4,95.16/245.11
02-04-25 17:12:35,4.5,74.0,95.16/245.11
02-04-25 17:12:37,3.2,73.5,95.16/245.11
02-04-25 17:12:39,1.5,73.4,95.16/245.11
02-04-25 17:12:41,2.8,73.6,95.16/245.11
02-04-25 17:12:43,1.3,73.3,95.16/245.11
02-04-25 17:12:45,1.6,73.4,95.16/245.11
02-04-25 17:12:47,2.2,73.4,95.16/245.11
02-04-25 17:12:49,2.0,73.4,95.16/245.11
02-04-25 17:12:51,3.4,74.0,95.16/245.11
02-04-25 17:12:53,1.5,73.4,95.16/245.11
02-04-25 17:12:55,3.9,73.9,95.16/245.11
02-04-25 17:12:57,2.3,73.4,95.16/245.11
02-04-25 17:12:59,1.8,73.4,95.16/245.11
02-04-25 17:13:01,4.0,73.5,95.16/245.11
02-04-25 17:13:03,1.5,73.4,95.16/245.11
02-04-25 17:13:05,2.7,74.0,95.16/245.11
02-04-25 17:13:07,2.5,73.6,95.16/245.11
02-04-25 17:13:09,1.2,73.4,95.16/245.11
02-04-25 17:13:11,2.1,73.7,95.16/245.11
02-04-25 17:13:13,2.2,73.7,95.16/245.11
02-04-25 17:13:15,3.0,73.6,95.16/245.11
02-04-25 17:13:17,2.6,73.5,95.16/245.11
02-04-25 17:13:19,3.2,73.5,95.16/245.11
02-04-25 17:13:21,3.6,74.2,95.16/245.11
02-04-25 17:13:23,2.2,73.8,95.16/245.11
02-04-25 17:13:25,3.4,74.2,95.16/245.11
02-04-25 17:13:27,2.3,73.6,95.16/245.11
02-04-25 17:13:29,1.4,73.5,95.16/245.11
02-04-25 17:13:31,2.0,73.6,95.16/245.11
02-04-25 17:13:33,4.5,73.6,95.16/245.11
02-04-25 17:13:35,2.5,74.1,95.16/245.11
02-04-25 17:13:37,2.3,73.7,95.16/245.11
02-04-25 17:13:39,2.5,73.6,95.16/245.11
02-04-25 17:13:41,3.3,73.7,95.16/245.11
02-04-25 17:13:43,3.0,73.6,95.16/245.11
02-04-25 17:13:45,1.6,73.3,95.16/245.11
02-04-25 17:13:47,1.5,73.3,95.16/245.11
02-04-25 17:13:49,2.7,73.4,95.16/245.11
02-04-25 17:13:51,3.4,74.0,95.16/245.11
02-04-25 17:13:53,1.8,73.4,95.16/245.11
02-04-25 17:13:55,3.5,73.8,95.16/245.11
02-04-25 17:13:57,1.7,73.4,95.16/245.11
02-04-25 17:13:59,2.7,73.3,95.16/245.11
02-04-25 17:14:01,1.8,73.5,95.16/245.11
02-04-25 17:14:03,1.9,73.4,95.16/245.11
02-04-25 17:14:05,3.4,74.0,95.16/245.11
02-04-25 17:14:07,2.0,73.4,95.16/245.11
02-04-25 17:14:09,1.9,73.3,95.16/245.11
02-04-25 17:14:11,1.9,73.5,95.16/245.11
02-04-25 17:14:13,1.3,73.3,95.16/245.11
02-04-25 17:14:15,2.0,73.3,95.16/245.11
02-04-25 17:14:17,2.4,73.3,95.16/245.11
02-04-25 17:14:19,3.9,73.4,95.16/245.11
02-04-25 17:14:21,3.2,74.0,95.16/245.11
02-04-25 17:14:23,1.8,73.3,95.16/245.11
02-04-25 17:14:25,5.4,74.0,95.16/245.11
02-04-25 17:14:27,1.9,73.7,95.16/245.11
02-04-25 17:14:29,2.6,73.6,95.16/245.11
02-04-25 17:14:31,2.5,73.5,95.16/245.11
02-04-25 17:14:33,1.4,73.3,95.16/245.11
02-04-25 17:14:35,4.0,73.9,95.16/245.11
02-04-25 17:14:37,3.5,73.3,95.16/245.11
02-04-25 17:14:39,3.0,73.2,95.16/245.11
02-04-25 17:14:41,2.7,73.4,95.16/245.11
02-04-25 17:14:43,1.5,73.2,95.16/245.11
02-04-25 17:14:45,2.0,73.3,95.16/245.11
02-04-25 17:14:47,2.9,73.2,95.16/245.11
02-04-25 17:14:49,2.3,73.2,95.16/245.11
02-04-25 17:14:51,4.4,73.9,95.16/245.11
02-04-25 17:14:53,1.8,73.5,95.16/245.11
02-04-25 17:14:55,3.5,73.8,95.16/245.11
02-04-25 17:14:57,2.0,73.3,95.16/245.11
02-04-25 17:14:59,1.1,73.2,95.16/245.11
02-04-25 17:15:01,4.8,73.9,95.16/245.11
02-04-25 17:15:03,6.5,74.3,95.16/245.11
02-04-25 17:15:05,5.2,74.1,95.16/245.11
02-04-25 17:15:07,5.2,73.4,95.16/245.11
02-04-25 17:15:09,4.5,74.1,95.16/245.11
02-04-25 17:15:11,12.6,73.3,95.16/245.11
02-04-25 17:15:13,2.4,73.0,95.16/245.11
02-04-25 17:15:15,1.8,73.0,95.16/245.11
02-04-25 17:15:17,4.3,73.1,95.16/245.11
02-04-25 17:15:19,4.4,73.1,95.17/245.11
02-04-25 17:15:21,8.7,73.5,95.17/245.11
02-04-25 17:15:23,1.9,72.9,95.17/245.11
02-04-25 17:15:25,3.8,73.5,95.17/245.11
02-04-25 17:15:27,1.8,73.0,95.17/245.11
02-04-25 17:15:29,2.2,72.9,95.17/245.11
02-04-25 17:15:31,1.6,72.9,95.17/245.11
02-04-25 17:15:33,2.1,72.9,95.17/245.11
02-04-25 17:15:35,2.8,73.7,95.17/245.11
02-04-25 17:15:37,2.8,73.2,95.17/245.11
02-04-25 17:15:39,2.6,72.9,95.17/245.11
02-04-25 17:15:41,2.5,73.2,95.17/245.11
02-04-25 17:15:43,2.8,72.9,95.17/245.11
02-04-25 17:15:45,1.6,72.9,95.17/245.11
02-04-25 17:15:47,1.7,72.8,95.17/245.11
02-04-25 17:15:49,2.4,72.8,95.17/245.11
02-04-25 17:15:51,3.1,73.0,95.17/245.11
02-04-25 17:15:53,1.9,72.9,95.17/245.11
02-04-25 17:15:55,6.6,73.4,95.17/245.11
02-04-25 17:15:57,11.3,73.2,95.17/245.11
02-04-25 17:15:59,3.2,73.0,95.17/245.11
02-04-25 17:16:01,2.8,73.0,95.17/245.11
02-04-25 17:16:03,1.7,72.6,95.17/245.11
02-04-25 17:16:05,4.9,73.4,95.17/245.11
02-04-25 17:16:07,6.7,73.0,95.17/245.11
02-04-25 17:16:09,23.0,72.2,95.17/245.11
02-04-25 17:16:11,5.1,72.3,95.17/245.11
02-04-25 17:16:13,7.8,72.3,95.17/245.11
02-04-25 17:16:15,6.5,72.2,95.17/245.11
02-04-25 17:16:17,10.1,73.0,95.17/245.11
02-04-25 17:16:19,10.3,72.7,95.17/245.11
02-04-25 17:16:21,4.4,72.5,95.17/245.11
02-04-25 17:16:23,3.0,72.2,95.17/245.11
02-04-25 17:16:25,3.9,72.2,95.16/245.11
02-04-25 17:16:27,3.7,72.6,95.16/245.11
02-04-25 17:16:29,7.7,72.7,95.16/245.11
02-04-25 17:16:31,7.2,73.1,95.16/245.11
02-04-25 17:16:33,19.8,74.0,95.16/245.11
02-04-25 17:16:35,19.7,74.2,95.16/245.11
02-04-25 17:16:37,15.9,74.7,95.16/245.11
02-04-25 17:16:39,14.2,74.3,95.16/245.11
02-04-25 17:16:41,6.6,74.2,95.16/245.11
02-04-25 17:16:43,8.1,74.3,95.16/245.11
02-04-25 17:16:45,7.6,74.2,95.16/245.11
02-04-25 17:16:47,7.8,74.8,95.16/245.11
02-04-25 17:16:49,3.6,74.1,95.16/245.11
02-04-25 17:16:51,4.2,74.2,95.16/245.11
02-04-25 17:16:53,4.2,74.0,95.16/245.11
02-04-25 17:16:55,5.2,73.9,95.16/245.11
02-04-25 17:16:57,5.5,73.9,95.16/245.11
02-04-25 17:16:59,4.5,73.9,95.16/245.11
02-04-25 17:17:01,6.4,74.1,95.16/245.11
02-04-25 17:17:04,10.0,74.1,95.16/245.11
02-04-25 17:17:06,12.7,74.2,95.16/245.11
02-04-25 17:17:08,7.7,74.8,95.16/245.11
02-04-25 17:17:10,7.2,74.3,95.16/245.11
02-04-25 17:17:12,7.5,74.2,95.16/245.11
02-04-25 17:17:14,7.8,74.3,95.16/245.11
02-04-25 17:17:16,3.9,74.2,95.16/245.11
02-04-25 17:17:18,6.0,74.9,95.16/245.11
02-04-25 17:17:20,4.6,74.3,95.16/245.11
02-04-25 17:17:22,7.2,74.2,95.16/245.11
02-04-25 17:17:24,5.0,74.2,95.16/245.11
02-04-25 17:17:26,4.6,74.1,95.16/245.11
02-04-25 17:17:28,2.3,74.2,95.16/245.11
02-04-25 17:17:30,2.5,74.2,95.16/245.11
02-04-25 17:17:32,6.3,74.2,95.16/245.11
02-04-25 17:17:34,6.5,74.1,95.16/245.11
02-04-25 17:17:36,5.7,74.2,95.16/245.11
02-04-25 17:17:38,4.1,74.8,95.16/245.11
02-04-25 17:17:40,3.1,74.4,95.16/245.11
02-04-25 17:17:42,8.6,74.8,95.16/245.11
02-04-25 17:17:44,3.2,74.3,95.16/245.11
02-04-25 17:17:46,2.7,74.4,95.16/245.11
02-04-25 17:17:48,3.8,74.8,95.16/245.11
02-04-25 17:17:50,9.6,74.7,95.16/245.11
02-04-25 17:17:52,11.1,75.2,95.16/245.11
02-04-25 17:17:54,6.9,74.7,95.16/245.11
02-04-25 17:17:56,15.8,75.2,95.16/245.11
02-04-25 17:17:58,9.2,74.7,95.16/245.11
02-04-25 17:18:00,12.9,75.1,95.16/245.11
02-04-25 17:18:02,8.6,74.9,95.16/245.11
02-04-25 17:18:04,6.9,74.9,95.16/245.11
02-04-25 17:18:06,4.7,74.8,95.16/245.11
02-04-25 17:18:08,4.0,74.6,95.16/245.11
02-04-25 17:18:10,8.8,75.0,95.16/245.11
02-04-25 17:18:12,7.9,75.0,95.16/245.11
02-04-25 17:18:14,4.0,74.8,95.16/245.11
02-04-25 17:18:16,4.6,74.7,95.16/245.11
02-04-25 17:18:18,5.9,74.6,95.16/245.11
02-04-25 17:18:20,5.2,74.7,95.16/245.11
02-04-25 17:18:22,6.3,74.7,95.16/245.11
02-04-25 17:18:24,7.1,74.7,95.16/245.11
02-04-25 17:18:26,6.3,74.1,95.16/245.11
02-04-25 17:18:28,4.8,74.3,95.16/245.11
02-04-25 17:18:30,3.4,74.3,95.16/245.11
02-04-25 17:18:32,4.0,74.4,95.16/245.11
02-04-25 17:18:34,4.9,74.2,95.16/245.11
02-04-25 17:18:36,4.9,74.4,95.16/245.11
02-04-25 17:18:38,17.8,73.9,95.16/245.11
02-04-25 17:18:40,3.1,73.9,95.16/245.11
02-04-25 17:18:42,4.7,73.9,95.16/245.11
02-04-25 17:18:44,7.2,73.9,95.16/245.11
02-04-25 17:18:46,2.3,73.9,95.16/245.11
02-04-25 17:18:48,1.8,73.8,95.16/245.11
02-04-25 17:18:50,2.3,73.7,95.16/245.11
02-04-25 17:18:52,2.3,73.7,95.16/245.11
02-04-25 17:18:54,3.4,73.6,95.16/245.11
02-04-25 17:18:56,2.1,73.7,95.16/245.11
02-04-25 17:18:58,3.3,73.8,95.16/245.11
02-04-25 17:19:00,5.9,73.9,95.16/245.11
02-04-25 17:19:02,3.3,73.8,95.16/245.11
02-04-25 17:19:04,4.0,73.8,95.16/245.11
02-04-25 17:19:06,2.3,73.7,95.16/245.11
02-04-25 17:19:08,4.9,73.8,95.16/245.11
02-04-25 17:19:10,4.4,73.9,95.16/245.11
02-04-25 17:19:12,2.8,73.7,95.16/245.11
02-04-25 17:19:14,9.2,73.7,95.16/245.11
02-04-25 17:19:16,6.2,73.7,95.16/245.11
02-04-25 17:19:18,5.7,73.8,95.16/245.11
02-04-25 17:19:20,7.4,73.9,95.16/245.11
02-04-25 17:19:22,11.3,74.0,95.16/245.11
02-04-25 17:19:24,6.1,73.9,95.16/245.11
02-04-25 17:19:26,5.9,73.9,95.16/245.11
02-04-25 17:19:28,2.3,73.5,95.16/245.11
02-04-25 17:19:30,4.5,73.7,95.16/245.11
02-04-25 17:19:32,5.8,73.7,95.16/245.11
02-04-25 17:19:34,4.4,73.7,95.16/245.11
02-04-25 17:19:36,5.2,73.8,95.16/245.11
02-04-25 17:19:38,7.8,73.9,95.16/245.11
02-04-25 17:19:40,4.6,73.8,95.16/245.11
02-04-25 17:19:42,5.3,73.8,95.16/245.11
02-04-25 17:19:44,1.9,73.8,95.16/245.11
02-04-25 17:19:46,1.7,73.8,95.16/245.11
02-04-25 17:19:48,2.4,73.5,95.16/245.11
02-04-25 17:19:50,2.0,73.5,95.16/245.11
02-04-25 17:19:52,2.4,73.5,95.16/245.11
02-04-25 17:19:54,2.6,73.5,95.16/245.11
02-04-25 17:19:56,4.5,73.8,95.16/245.11
02-04-25 17:19:58,12.3,73.9,95.16/245.11
02-04-25 17:20:00,4.1,73.5,95.16/245.11
02-04-25 17:20:02,5.2,73.5,95.16/245.11
02-04-25 17:20:04,5.7,73.6,95.16/245.11
02-04-25 17:20:06,6.3,73.7,95.16/245.11
02-04-25 17:20:08,5.7,73.7,95.16/245.11
02-04-25 17:20:10,6.6,73.6,95.16/245.11
02-04-25 17:20:12,6.0,73.7,95.16/245.11
02-04-25 17:20:14,5.1,73.7,95.16/245.11
02-04-25 17:20:16,4.1,73.7,95.16/245.11
02-04-25 17:20:18,11.6,73.8,95.16/245.11
02-04-25 17:20:20,12.9,73.9,95.16/245.11
02-04-25 17:20:22,7.9,73.7,95.16/245.11
02-04-25 17:20:24,9.1,73.6,95.16/245.11
02-04-25 17:20:26,6.9,73.8,95.16/245.11
02-04-25 17:20:28,8.3,73.7,95.16/245.11
02-04-25 17:20:30,5.1,73.8,95.16/245.11
02-04-25 17:20:32,6.3,73.8,95.16/245.11
02-04-25 17:20:34,4.4,73.9,95.16/245.11
02-04-25 17:20:36,4.2,73.8,95.16/245.11
02-04-25 17:20:38,8.9,73.8,95.16/245.11
02-04-25 17:20:40,10.1,73.5,95.16/245.11
02-04-25 17:20:42,1.6,73.5,95.16/245.11
02-04-25 17:20:44,2.1,73.5,95.16/245.11
02-04-25 17:20:46,1.9,73.5,95.16/245.11
02-04-25 17:20:48,3.8,73.5,95.16/245.11
02-04-25 17:20:50,6.3,73.4,95.16/245.11
02-04-25 17:20:52,1.8,73.4,95.16/245.11
02-04-25 17:20:54,3.0,73.4,95.16/245.11
02-04-25 17:20:56,5.0,73.6,95.16/245.11
02-04-25 17:20:58,6.8,73.7,95.16/245.11
02-04-25 17:21:00,4.2,73.5,95.16/245.11
02-04-25 17:21:02,6.9,73.6,95.16/245.11
02-04-25 17:21:04,3.3,73.6,95.16/245.11
02-04-25 17:21:06,4.3,73.7,95.16/245.11
02-04-25 17:21:08,10.0,73.7,95.16/245.11
02-04-25 17:21:10,5.7,73.5,95.16/245.11
02-04-25 17:21:12,6.4,73.4,95.16/245.11
02-04-25 17:21:14,4.3,73.5,95.16/245.11
02-04-25 17:21:16,5.9,73.6,95.16/245.11
02-04-25 17:21:18,8.0,73.7,95.16/245.11
02-04-25 17:21:20,5.2,73.7,95.16/245.11
02-04-25 17:21:22,7.7,73.7,95.16/245.11
02-04-25 17:21:24,5.6,73.7,95.16/245.11
02-04-25 17:21:26,5.7,73.5,95.16/245.11
02-04-25 17:21:28,9.4,73.6,95.16/245.11
02-04-25 17:21:30,6.1,73.8,95.16/245.11
02-04-25 17:21:32,14.4,73.6,95.16/245.11
02-04-25 17:21:34,4.7,73.6,95.16/245.11
02-04-25 17:21:36,2.2,73.5,95.16/245.11
02-04-25 17:21:38,3.2,73.5,95.16/245.11
02-04-25 17:21:40,4.3,73.5,95.16/245.11
02-04-25 17:21:42,4.4,73.6,95.16/245.11
02-04-25 17:21:44,4.6,73.6,95.16/245.11
02-04-25 17:21:46,4.4,73.5,95.16/245.11
02-04-25 17:21:48,5.1,73.5,95.16/245.11
02-04-25 17:21:50,4.7,73.5,95.16/245.11
02-04-25 17:21:52,2.7,73.4,95.16/245.11
02-04-25 17:21:54,6.2,73.5,95.16/245.11
02-04-25 17:21:56,5.8,73.4,95.16/245.11
02-04-25 17:21:58,6.8,73.5,95.16/245.11
02-04-25 17:22:00,5.7,73.5,95.16/245.11
02-04-25 17:22:02,4.8,73.5,95.16/245.11
02-04-25 17:22:04,6.6,73.6,95.16/245.11
02-04-25 17:22:06,12.6,73.6,95.16/245.11
02-04-25 17:22:08,2.2,73.3,95.16/245.11
02-04-25 17:22:10,4.3,73.6,95.16/245.11
02-04-25 17:22:12,6.0,73.6,95.16/245.11
02-04-25 17:22:14,2.3,73.4,95.16/245.11
02-04-25 17:22:16,2.3,73.4,95.16/245.11
02-04-25 17:22:18,4.6,73.4,95.15/245.11
02-04-25 17:22:20,3.3,73.4,95.15/245.11
02-04-25 17:22:22,4.9,73.5,95.15/245.11
02-04-25 17:22:24,4.9,73.5,95.15/245.11
02-04-25 17:22:26,5.8,73.6,95.15/245.11
02-04-25 17:22:28,5.5,73.5,95.15/245.11
02-04-25 17:22:30,2.4,73.4,95.15/245.11
02-04-25 17:22:32,2.3,73.3,95.15/245.11
02-04-25 17:22:34,1.4,73.3,95.15/245.11
02-04-25 17:22:36,2.4,73.3,95.15/245.11
02-04-25 17:22:38,4.3,73.5,95.15/245.11
02-04-25 17:22:40,6.4,73.7,95.15/245.11
02-04-25 17:22:42,12.5,73.7,95.15/245.11
02-04-25 17:22:44,3.6,73.8,95.15/245.11
02-04-25 17:22:46,4.3,73.7,95.15/245.11
02-04-25 17:22:48,2.8,73.7,95.15/245.11
02-04-25 17:22:50,4.9,73.7,95.15/245.11
02-04-25 17:22:52,5.7,73.4,95.15/245.11
02-04-25 17:22:54,5.4,73.4,95.15/245.11
02-04-25 17:22:56,5.1,73.3,95.15/245.11
02-04-25 17:22:58,4.3,73.3,95.15/245.11
02-04-25 17:23:00,6.2,73.6,95.15/245.11
02-04-25 17:23:02,7.5,73.5,95.15/245.11
02-04-25 17:23:04,8.4,73.4,95.15/245.11
02-04-25 17:23:06,4.3,73.2,95.15/245.11
02-04-25 17:23:08,5.9,72.7,95.15/245.11
02-04-25 17:23:10,2.7,73.3,95.15/245.11
02-04-25 17:23:12,6.0,73.3,95.15/245.11
02-04-25 17:23:14,2.3,73.2,95.15/245.11
02-04-25 17:23:16,4.6,73.5,95.15/245.11
02-04-25 17:23:18,5.5,73.4,95.15/245.11
02-04-25 17:23:20,5.2,73.2,95.15/245.11
02-04-25 17:23:22,5.2,73.0,95.15/245.11
02-04-25 17:23:24,7.0,73.0,95.15/245.11
02-04-25 17:23:26,6.1,73.3,95.15/245.11
02-04-25 17:23:28,6.1,73.3,95.15/245.11
02-04-25 17:23:30,2.1,73.1,95.15/245.11
02-04-25 17:23:32,2.8,73.0,95.15/245.11
02-04-25 17:23:34,1.6,73.0,95.15/245.11
02-04-25 17:23:36,2.7,73.0,95.15/245.11
02-04-25 17:23:38,2.1,73.0,95.15/245.11
02-04-25 17:23:40,2.0,73.0,95.15/245.11
02-04-25 17:23:42,2.4,73.0,95.15/245.11
02-04-25 17:23:44,2.0,73.0,95.15/245.11
02-04-25 17:23:46,2.2,73.0,95.15/245.11
02-04-25 17:23:48,2.8,73.0,95.15/245.11
02-04-25 17:23:50,1.9,73.0,95.15/245.11
02-04-25 17:23:52,1.6,73.1,95.15/245.11
02-04-25 17:23:54,3.8,73.0,95.15/245.11
02-04-25 17:23:56,1.8,73.0,95.15/245.11
02-04-25 17:23:58,2.4,73.0,95.15/245.11
02-04-25 17:24:00,2.0,73.0,95.15/245.11
02-04-25 17:24:02,1.8,73.0,95.15/245.11
02-04-25 17:24:04,2.5,73.1,95.15/245.11
02-04-25 17:24:06,2.2,73.0,95.15/245.11
02-04-25 17:24:09,1.6,73.0,95.15/245.11
02-04-25 17:24:11,2.4,73.0,95.15/245.11
02-04-25 17:24:13,2.1,73.0,95.15/245.11
02-04-25 17:24:15,2.2,73.0,95.15/245.11
02-04-25 17:24:17,2.8,73.0,95.15/245.11
02-04-25 17:24:19,1.7,73.0,95.15/245.11
02-04-25 17:24:21,3.4,73.0,95.15/245.11
02-04-25 17:24:23,1.7,73.0,95.15/245.11
02-04-25 17:24:25,3.4,73.0,95.15/245.11
02-04-25 17:24:27,1.7,73.0,95.15/245.11
02-04-25 17:24:29,2.0,73.0,95.15/245.11
02-04-25 17:24:31,2.4,73.0,95.15/245.11
02-04-25 17:24:33,1.6,73.0,95.15/245.11
02-04-25 17:24:35,1.7,73.0,95.15/245.11
02-04-25 17:24:37,2.3,73.0,95.15/245.11
02-04-25 17:24:39,3.5,73.0,95.15/245.11
02-04-25 17:24:41,3.2,73.0,95.15/245.11
02-04-25 17:24:43,2.3,73.0,95.15/245.11
02-04-25 17:24:45,1.4,73.0,95.15/245.11
02-04-25 17:24:47,2.5,73.0,95.15/245.11
02-04-25 17:24:49,1.6,73.0,95.15/245.11
02-04-25 17:24:51,2.9,73.0,95.15/245.11
02-04-25 17:24:53,1.7,73.0,95.15/245.11
02-04-25 17:24:55,2.6,73.0,95.15/245.11
02-04-25 17:24:57,2.3,73.0,95.15/245.11
02-04-25 17:24:59,1.8,73.0,95.15/245.11
02-04-25 17:25:01,2.0,73.1,95.15/245.11
02-04-25 17:25:03,2.4,73.0,95.15/245.11
02-04-25 17:25:05,1.6,73.0,95.15/245.11
02-04-25 17:25:07,2.2,73.0,95.15/245.11
02-04-25 17:25:09,1.2,73.0,95.15/245.11
02-04-25 17:25:11,3.2,73.4,95.15/245.11
02-04-25 17:25:13,4.1,73.0,95.15/245.11
02-04-25 17:25:15,2.5,73.0,95.15/245.11
02-04-25 17:25:17,3.2,73.0,95.15/245.11
02-04-25 17:25:19,1.9,73.0,95.15/245.11
02-04-25 17:25:21,2.9,73.0,95.15/245.11
02-04-25 17:25:23,2.3,73.0,95.15/245.11
02-04-25 17:25:25,3.3,73.0,95.15/245.11
02-04-25 17:25:27,1.6,73.0,95.15/245.11
02-04-25 17:25:29,2.1,73.1,95.15/245.11
02-04-25 17:25:31,2.0,73.0,95.15/245.11
02-04-25 17:25:33,2.5,73.0,95.15/245.11
02-04-25 17:25:35,1.7,73.1,95.15/245.11
02-04-25 17:25:37,1.7,73.0,95.15/245.11
02-04-25 17:25:39,2.1,73.0,95.15/245.11
02-04-25 17:25:41,2.2,73.0,95.15/245.11
02-04-25 17:25:43,3.0,73.0,95.15/245.11
02-04-25 17:25:45,1.9,73.0,95.15/245.11
02-04-25 17:25:47,1.8,73.0,95.15/245.11
02-04-25 17:25:49,2.4,73.0,95.15/245.11
02-04-25 17:25:51,1.9,73.0,95.15/245.11
02-04-25 17:25:53,1.6,73.0,95.15/245.11
02-04-25 17:25:55,3.8,73.0,95.15/245.11
02-04-25 17:25:57,1.7,73.0,95.15/245.11
02-04-25 17:25:59,2.1,73.0,95.15/245.11
02-04-25 17:26:01,1.7,73.0,95.15/245.11
02-04-25 17:26:03,1.8,73.0,95.15/245.11
02-04-25 17:26:05,2.7,73.0,95.15/245.11
02-04-25 17:26:07,1.8,73.0,95.15/245.11
02-04-25 17:26:09,3.5,73.0,95.15/245.11
02-04-25 17:26:11,1.6,73.0,95.15/245.11
02-04-25 17:26:13,1.4,73.0,95.15/245.11
02-04-25 17:26:15,2.6,73.0,95.15/245.11
02-04-25 17:26:17,2.4,73.0,95.15/245.11
02-04-25 17:26:19,2.1,73.1,95.15/245.11
02-04-25 17:26:21,3.2,73.1,95.15/245.11
02-04-25 17:26:23,1.9,73.0,95.15/245.11
02-04-25 17:26:25,3.8,73.0,95.15/245.11
02-04-25 17:26:27,2.6,73.0,95.15/245.11
02-04-25 17:26:29,4.0,73.1,95.15/245.11
02-04-25 17:26:31,3.5,73.1,95.15/245.11
02-04-25 17:26:33,1.6,73.1,95.15/245.11
02-04-25 17:26:35,2.5,73.1,95.15/245.11
02-04-25 17:26:37,1.8,73.1,95.15/245.11
02-04-25 17:26:39,1.3,73.1,95.15/245.11
02-04-25 17:26:41,2.5,73.0,95.15/245.11
02-04-25 17:26:43,2.6,73.0,95.15/245.11
02-04-25 17:26:45,2.0,73.1,95.15/245.11
02-04-25 17:26:47,2.7,73.0,95.15/245.11
02-04-25 17:26:49,4.2,73.1,95.15/245.11
02-04-25 17:26:51,2.9,73.1,95.15/245.11
02-04-25 17:26:53,1.4,73.0,95.15/245.11
02-04-25 17:26:55,8.4,73.5,95.15/245.11
02-04-25 17:26:57,9.5,73.5,95.15/245.11
02-04-25 17:26:59,14.9,74.8,95.15/245.11
02-04-25 17:27:01,11.3,75.6,95.15/245.11
02-04-25 17:27:03,8.4,74.5,95.15/245.11
02-04-25 17:27:05,10.8,74.9,95.15/245.11
02-04-25 17:27:07,9.8,74.8,95.15/245.11
02-04-25 17:27:09,5.8,74.7,95.15/245.11
02-04-25 17:27:11,4.5,75.1,95.15/245.11
02-04-25 17:27:13,3.7,74.6,95.15/245.11
02-04-25 17:27:15,3.6,75.1,95.15/245.11
02-04-25 17:27:17,6.4,74.3,95.15/245.11
02-04-25 17:27:19,2.8,74.1,95.15/245.11
02-04-25 17:27:21,3.4,74.4,95.15/245.11
02-04-25 17:27:23,3.6,74.5,95.15/245.11
02-04-25 17:27:25,5.8,75.2,95.15/245.11
02-04-25 17:27:27,11.3,75.5,95.15/245.11
02-04-25 17:27:29,12.2,75.4,95.15/245.11
02-04-25 17:27:31,9.3,74.9,95.15/245.11
02-04-25 17:27:33,7.8,75.1,95.15/245.11
02-04-25 17:27:35,5.8,74.8,95.15/245.11
02-04-25 17:27:37,6.4,74.6,95.15/245.11
02-04-25 17:27:39,3.6,74.7,95.15/245.11
02-04-25 17:27:41,4.9,75.2,95.15/245.11
02-04-25 17:27:43,5.2,74.4,95.15/245.11
02-04-25 17:27:45,3.7,74.8,95.15/245.11
02-04-25 17:27:47,3.8,74.5,95.15/245.11
02-04-25 17:27:49,3.1,74.6,95.15/245.11
02-04-25 17:27:51,3.7,74.6,95.15/245.11
02-04-25 17:27:53,3.5,74.6,95.15/245.11
02-04-25 17:27:55,5.9,75.3,95.15/245.11
02-04-25 17:27:57,10.8,74.8,95.15/245.11
02-04-25 17:27:59,9.9,74.8,95.15/245.11
02-04-25 17:28:01,8.6,74.8,95.15/245.11
02-04-25 17:28:03,6.4,74.6,95.15/245.11
02-04-25 17:28:05,7.8,74.7,95.15/245.11
02-04-25 17:28:07,4.7,74.5,95.15/245.11
02-04-25 17:28:09,2.7,74.2,95.15/245.11
02-04-25 17:28:11,5.9,75.0,95.15/245.11
02-04-25 17:28:13,5.4,74.6,95.15/245.11
02-04-25 17:28:15,5.2,75.0,95.15/245.11
02-04-25 17:28:17,3.0,74.2,95.15/245.11
02-04-25 17:28:19,2.2,74.1,95.15/245.11
02-04-25 17:28:21,3.1,74.1,95.15/245.11
02-04-25 17:28:23,3.4,74.8,95.15/245.11
02-04-25 17:28:25,9.6,74.8,95.15/245.11
02-04-25 17:28:27,3.5,74.2,95.15/245.11
02-04-25 17:28:29,7.2,74.8,95.15/245.11
02-04-25 17:28:31,5.5,74.8,95.15/245.11
02-04-25 17:28:33,6.8,75.0,95.15/245.11
02-04-25 17:28:35,6.2,74.7,95.15/245.11
02-04-25 17:28:37,13.3,74.2,95.15/245.11
02-04-25 17:28:39,6.2,74.4,95.15/245.11
02-04-25 17:28:41,5.7,74.2,95.15/245.11
02-04-25 17:28:43,5.8,74.3,95.15/245.11
02-04-25 17:28:45,6.1,74.4,95.15/245.11
02-04-25 17:28:47,8.2,74.2,95.15/245.11
02-04-25 17:28:49,7.8,74.1,95.15/245.11
02-04-25 17:28:51,9.0,74.1,95.15/245.11
02-04-25 17:28:53,7.4,74.2,95.15/245.11
02-04-25 17:28:55,8.2,74.2,95.15/245.11
02-04-25 17:28:57,9.3,74.2,95.15/245.11
02-04-25 17:28:59,7.2,74.2,95.15/245.11
02-04-25 17:29:01,3.4,74.2,95.15/245.11
02-04-25 17:29:03,15.0,74.0,95.15/245.11
02-04-25 17:29:05,6.2,73.9,95.15/245.11
02-04-25 17:29:07,5.9,73.9,95.15/245.11
02-04-25 17:29:09,9.2,74.1,95.15/245.11
02-04-25 17:29:11,7.1,74.2,95.15/245.11
02-04-25 17:29:13,4.2,73.7,95.15/245.11
02-04-25 17:29:15,4.2,73.6,95.16/245.11
02-04-25 17:29:17,8.1,74.0,95.16/245.11
02-04-25 17:29:19,9.3,74.1,95.16/245.11
02-04-25 17:29:21,12.2,73.7,95.16/245.11
02-04-25 17:29:23,11.0,74.2,95.16/245.11
02-04-25 17:29:25,10.9,74.3,95.15/245.11
02-04-25 17:29:27,3.8,73.7,95.15/245.11
02-04-25 17:29:29,7.4,74.4,95.15/245.11
02-04-25 17:29:31,9.5,74.1,95.15/245.11
02-04-25 17:29:33,9.3,74.1,95.15/245.11
02-04-25 17:29:35,10.5,74.4,95.15/245.11
02-04-25 17:29:37,10.9,74.2,95.15/245.11
02-04-25 17:29:39,6.3,74.0,95.15/245.11
02-04-25 17:29:41,4.0,73.8,95.15/245.11
02-04-25 17:29:43,9.1,74.7,95.15/245.11
02-04-25 17:29:45,7.5,74.3,95.15/245.11
02-04-25 17:29:47,6.5,74.5,95.15/245.11
02-04-25 17:29:49,7.3,74.4,95.15/245.11
02-04-25 17:29:51,5.3,74.3,95.15/245.11
02-04-25 17:29:53,5.9,74.4,95.15/245.11
02-04-25 17:29:55,11.6,74.1,95.15/245.11
02-04-25 17:29:57,7.6,74.3,95.15/245.11
02-04-25 17:29:59,7.8,74.5,95.15/245.11
02-04-25 17:30:01,14.1,75.1,95.15/245.11
02-04-25 17:30:03,6.2,74.8,95.15/245.11
02-04-25 17:30:05,7.4,74.9,95.15/245.11
02-04-25 17:30:07,7.7,75.1,95.15/245.11
02-04-25 17:30:09,8.4,75.0,95.15/245.11
02-04-25 17:30:11,7.1,75.0,95.15/245.11
02-04-25 17:30:13,4.9,75.1,95.15/245.11
02-04-25 17:30:15,3.8,74.5,95.15/245.11
02-04-25 17:30:17,6.8,74.8,95.15/245.11
02-04-25 17:30:19,7.5,74.8,95.15/245.11
02-04-25 17:30:21,9.9,74.7,95.15/245.11
02-04-25 17:30:23,6.4,75.3,95.15/245.11
02-04-25 17:30:25,10.5,75.0,95.15/245.11
02-04-25 17:30:27,7.1,74.9,95.15/245.11
02-04-25 17:30:29,4.9,74.8,95.15/245.11
02-04-25 17:30:31,8.5,75.4,95.15/245.11
02-04-25 17:30:33,6.2,74.8,95.15/245.11
02-04-25 17:30:35,10.3,74.7,95.15/245.11
02-04-25 17:30:37,10.1,74.9,95.15/245.11
02-04-25 17:30:39,6.4,74.6,95.15/245.11
02-04-25 17:30:41,2.8,74.2,95.15/245.11
02-04-25 17:30:43,7.9,75.4,95.15/245.11
02-04-25 17:30:45,6.9,74.9,95.15/245.11
02-04-25 17:30:47,7.2,75.4,95.15/245.11
02-04-25 17:30:49,7.6,74.5,95.15/245.11
02-04-25 17:30:51,6.6,74.3,95.15/245.11
02-04-25 17:30:53,7.0,74.8,95.15/245.11
02-04-25 17:30:55,5.8,74.3,95.15/245.11
02-04-25 17:30:57,5.3,74.6,95.15/245.11
02-04-25 17:30:59,4.5,74.6,95.15/245.11
02-04-25 17:31:01,4.7,74.6,95.15/245.11
02-04-25 17:31:03,8.3,75.3,95.15/245.11
02-04-25 17:31:05,12.6,74.7,95.15/245.11
02-04-25 17:31:08,9.3,75.0,95.15/245.11
02-04-25 17:31:10,8.7,75.5,95.15/245.11
02-04-25 17:31:12,4.7,74.1,95.15/245.11
02-04-25 17:31:14,4.1,74.4,95.15/245.11
02-04-25 17:31:16,7.1,74.9,95.15/245.11
02-04-25 17:31:18,8.4,74.4,95.15/245.11
02-04-25 17:31:20,9.2,74.9,95.15/245.11
02-04-25 17:31:22,8.7,74.8,95.15/245.11
02-04-25 17:31:24,13.8,74.0,95.15/245.11
02-04-25 17:31:26,4.4,74.1,95.15/245.11
02-04-25 17:31:28,3.9,74.2,95.15/245.11
02-04-25 17:31:30,4.5,74.2,95.15/245.11
02-04-25 17:31:32,6.0,74.1,95.15/245.11
02-04-25 17:31:34,3.0,74.0,95.15/245.11
02-04-25 17:31:36,2.8,74.0,95.15/245.11
02-04-25 17:31:38,2.4,74.0,95.15/245.11
02-04-25 17:31:40,2.0,74.0,95.15/245.11
02-04-25 17:31:42,2.4,74.0,95.15/245.11
02-04-25 17:31:44,1.5,74.0,95.15/245.11
02-04-25 17:31:46,5.5,74.1,95.15/245.11
02-04-25 17:31:48,5.0,74.0,95.15/245.11
02-04-25 17:31:50,6.7,74.6,95.15/245.11
02-04-25 17:31:52,5.9,73.4,95.15/245.11
02-04-25 17:31:54,3.3,73.5,95.15/245.11
02-04-25 17:31:56,3.9,73.5,95.15/245.11
02-04-25 17:31:58,3.8,73.4,95.15/245.11
02-04-25 17:32:00,3.5,73.5,95.15/245.11
02-04-25 17:32:02,1.9,73.5,95.15/245.11
02-04-25 17:32:04,3.1,73.5,95.15/245.11
02-04-25 17:32:06,3.7,73.5,95.15/245.11
02-04-25 17:32:08,4.7,73.7,95.15/245.11
02-04-25 17:32:10,4.5,74.0,95.15/245.11
02-04-25 17:32:12,2.8,73.8,95.15/245.11
02-04-25 17:32:14,4.0,73.9,95.15/245.11
02-04-25 17:32:16,4.1,74.0,95.15/245.11
02-04-25 17:32:18,13.1,74.2,95.15/245.11
02-04-25 17:32:20,6.3,74.1,95.15/245.11
02-04-25 17:32:22,6.5,74.1,95.15/245.11
02-04-25 17:32:24,4.4,74.0,95.15/245.11
02-04-25 17:32:26,4.9,74.4,95.15/245.11
02-04-25 17:32:28,7.8,75.0,95.15/245.11
02-04-25 17:32:30,9.3,74.1,95.15/245.11
02-04-25 17:32:32,6.2,74.5,95.15/245.11
02-04-25 17:32:34,4.7,74.4,95.15/245.11
02-04-25 17:32:36,4.7,74.3,95.15/245.11
02-04-25 17:32:38,3.5,74.3,95.15/245.11
02-04-25 17:32:40,3.0,73.7,95.15/245.11
02-04-25 17:32:42,4.3,74.2,95.15/245.11
02-04-25 17:32:44,6.1,74.9,95.15/245.11
02-04-25 17:32:46,4.0,74.5,95.15/245.11
02-04-25 17:32:48,13.5,75.5,95.15/245.11
02-04-25 17:32:50,12.2,75.3,95.15/245.11
02-04-25 17:32:52,7.4,75.0,95.15/245.11
02-04-25 17:32:54,6.6,75.1,95.15/245.11
02-04-25 17:32:56,3.8,75.3,95.15/245.11
02-04-25 17:32:58,7.5,75.9,95.15/245.11
02-04-25 17:33:00,8.1,75.4,95.15/245.11
02-04-25 17:33:02,10.9,75.8,95.14/245.11
02-04-25 17:33:04,6.0,75.4,95.14/245.11
02-04-25 17:33:06,5.7,75.1,95.14/245.11
02-04-25 17:33:08,7.3,75.8,95.14/245.11
02-04-25 17:33:10,9.5,76.2,95.14/245.11
02-04-25 17:33:12,11.5,76.2,95.14/245.11
02-04-25 17:33:14,6.5,76.2,95.14/245.11
02-04-25 17:33:16,6.3,75.9,95.14/245.11
02-04-25 17:33:18,7.4,76.7,95.14/245.11
02-04-25 17:33:20,5.0,75.6,95.14/245.11
02-04-25 17:33:22,7.3,75.9,95.14/245.11
02-04-25 17:33:24,7.0,75.7,95.14/245.11
02-04-25 17:33:26,2.1,75.5,95.14/245.11
02-04-25 17:33:28,5.5,76.7,95.14/245.11
02-04-25 17:33:30,8.9,75.6,95.14/245.11
02-04-25 17:33:32,7.0,75.3,95.14/245.11
02-04-25 17:33:34,5.6,75.3,95.14/245.11
02-04-25 17:33:36,6.9,75.4,95.14/245.11
02-04-25 17:33:38,8.1,75.6,95.14/245.11
02-04-25 17:33:40,15.4,76.4,95.15/245.11
02-04-25 17:33:42,8.7,76.5,95.15/245.11
02-04-25 17:33:44,9.2,77.5,95.15/245.11
02-04-25 17:33:46,4.1,76.9,95.15/245.11
02-04-25 17:33:48,5.8,76.6,95.15/245.11
02-04-25 17:33:50,6.8,77.0,95.15/245.11
02-04-25 17:33:52,8.0,77.1,95.15/245.11
02-04-25 17:33:54,6.1,76.2,95.15/245.11
02-04-25 17:33:56,3.6,76.1,95.15/245.11
02-04-25 17:33:58,9.9,76.9,95.15/245.11
02-04-25 17:34:00,24.3,76.4,95.16/245.11
02-04-25 17:34:02,13.5,76.7,95.17/245.11
02-04-25 17:34:04,11.1,76.8,95.17/245.11
02-04-25 17:34:06,10.6,75.9,95.17/245.11
02-04-25 17:34:08,6.4,75.8,95.17/245.11
02-04-25 17:34:10,6.8,75.6,95.17/245.11
02-04-25 17:34:12,5.3,75.2,95.17/245.11
02-04-25 17:34:14,4.5,75.7,95.17/245.11
02-04-25 17:34:16,4.6,75.3,95.17/245.11
02-04-25 17:34:18,5.7,75.7,95.17/245.11
02-04-25 17:34:20,5.8,75.3,95.17/245.11
02-04-25 17:34:22,6.8,75.2,95.17/245.11
02-04-25 17:34:24,6.1,75.3,95.16/245.11
02-04-25 17:34:26,5.1,75.3,95.16/245.11
02-04-25 17:34:28,12.3,76.1,95.16/245.11
02-04-25 17:34:30,13.4,75.5,95.16/245.11
02-04-25 17:34:32,6.4,75.3,95.16/245.11
02-04-25 17:34:34,8.2,75.4,95.16/245.11
02-04-25 17:34:36,9.6,75.9,95.16/245.11
02-04-25 17:34:38,5.3,75.6,95.16/245.11
02-04-25 17:34:40,5.6,75.3,95.16/245.11
02-04-25 17:34:42,11.1,75.3,95.16/245.11
02-04-25 17:34:44,11.7,75.9,95.16/245.11
02-04-25 17:34:46,11.1,75.0,95.16/245.11
02-04-25 17:34:48,6.7,75.3,95.16/245.11
02-04-25 17:34:50,4.5,74.9,95.16/245.11
02-04-25 17:34:52,7.6,75.1,95.16/245.11
02-04-25 17:34:54,6.5,75.1,95.16/245.11
02-04-25 17:34:56,11.2,75.3,95.16/245.11
02-04-25 17:34:58,13.9,76.4,95.16/245.11
02-04-25 17:35:00,4.5,75.6,95.16/245.11
02-04-25 17:35:02,3.5,75.4,95.16/245.11
02-04-25 17:35:04,5.5,75.6,95.16/245.11
02-04-25 17:35:06,4.5,75.4,95.16/245.11
02-04-25 17:35:08,7.0,75.6,95.16/245.11
02-04-25 17:35:10,5.1,75.5,95.16/245.11
02-04-25 17:35:12,3.0,75.3,95.16/245.11
02-04-25 17:35:14,2.9,75.4,95.16/245.11
02-04-25 17:35:16,3.8,75.2,95.16/245.11
02-04-25 17:35:18,5.4,75.1,95.16/245.11
02-04-25 17:35:20,2.8,75.1,95.16/245.11
02-04-25 17:35:22,7.3,75.1,95.16/245.11
02-04-25 17:35:24,8.5,75.2,95.16/245.11
02-04-25 17:35:26,8.0,75.3,95.16/245.11
02-04-25 17:35:28,10.8,75.7,95.16/245.11
02-04-25 17:35:30,11.1,75.6,95.16/245.11
02-04-25 17:35:32,7.1,74.7,95.16/245.11
02-04-25 17:35:34,5.9,75.3,95.16/245.11
02-04-25 17:35:36,6.1,74.7,95.16/245.11
02-04-25 17:35:38,5.2,74.8,95.16/245.11
02-04-25 17:35:40,5.8,74.6,95.16/245.11
02-04-25 17:35:42,4.2,74.5,95.16/245.11
02-04-25 17:35:44,4.4,75.2,95.16/245.11
02-04-25 17:35:46,3.4,74.5,95.16/245.11
02-04-25 17:35:48,3.7,75.1,95.16/245.11
02-04-25 17:35:50,4.2,74.7,95.16/245.11
02-04-25 17:35:52,3.5,74.5,95.16/245.11
02-04-25 17:35:54,6.5,74.4,95.16/245.11
02-04-25 17:35:56,7.5,74.8,95.16/245.11
02-04-25 17:35:58,11.9,75.5,95.16/245.11
02-04-25 17:36:00,8.2,75.1,95.16/245.11
02-04-25 17:36:02,4.2,74.8,95.16/245.11
02-04-25 17:36:04,10.3,75.3,95.15/245.11
02-04-25 17:36:06,7.3,75.3,95.16/245.11
02-04-25 17:36:08,5.2,74.7,95.16/245.11
02-04-25 17:36:10,3.4,74.6,95.16/245.11
02-04-25 17:36:12,3.0,74.5,95.16/245.11
02-04-25 17:36:14,4.1,75.2,95.16/245.11
02-04-25 17:36:16,13.8,74.4,95.16/245.11
02-04-25 17:36:18,4.7,74.6,95.16/245.11
02-04-25 17:36:20,6.4,73.9,95.16/245.11
02-04-25 17:36:22,7.8,74.2,95.16/245.11
02-04-25 17:36:24,5.4,73.9,95.16/245.11
02-04-25 17:36:26,8.8,74.9,95.16/245.11
02-04-25 17:36:28,13.6,75.1,95.16/245.11
02-04-25 17:36:30,10.0,74.2,95.16/245.11
02-04-25 17:36:32,8.8,74.1,95.16/245.11
02-04-25 17:36:34,6.8,74.3,95.16/245.11
02-04-25 17:36:36,5.5,74.0,95.16/245.11
02-04-25 17:36:38,5.4,74.1,95.16/245.11
02-04-25 17:36:40,7.1,74.3,95.16/245.11
02-04-25 17:36:42,3.7,74.0,95.16/245.11
02-04-25 17:36:44,5.6,74.9,95.16/245.11
02-04-25 17:36:46,4.4,73.9,95.16/245.11
02-04-25 17:36:48,5.2,74.4,95.16/245.11
02-04-25 17:36:50,5.5,73.9,95.16/245.11
02-04-25 17:36:52,3.7,73.9,95.16/245.11
02-04-25 17:36:54,8.8,74.6,95.16/245.11
02-04-25 17:36:56,11.4,74.8,95.16/245.11
02-04-25 17:36:58,10.2,74.7,95.16/245.11
02-04-25 17:37:00,8.6,74.8,95.16/245.11
02-04-25 17:37:02,2.4,74.6,95.16/245.11
02-04-25 17:37:04,2.9,74.5,95.16/245.11
02-04-25 17:37:06,2.4,74.5,95.16/245.11
02-04-25 17:37:08,4.4,75.0,95.16/245.11
02-04-25 17:37:10,2.5,74.5,95.16/245.11
02-04-25 17:37:12,2.5,74.6,95.16/245.11
02-04-25 17:37:14,3.6,74.5,95.16/245.11
02-04-25 17:37:16,7.6,74.9,95.16/245.11
02-04-25 17:37:18,9.6,74.5,95.16/245.11
02-04-25 17:37:20,7.6,74.8,95.16/245.11
02-04-25 17:37:22,8.8,74.9,95.17/245.11
02-04-25 17:37:24,7.0,74.9,95.17/245.11
02-04-25 17:37:26,6.9,74.9,95.17/245.11
02-04-25 17:37:28,14.4,74.5,95.17/245.11
02-04-25 17:37:30,9.5,75.3,95.17/245.11
02-04-25 17:37:32,6.8,74.8,95.17/245.11
02-04-25 17:37:34,6.7,74.7,95.17/245.11
02-04-25 17:37:36,5.5,74.6,95.17/245.11
02-04-25 17:37:38,2.7,74.6,95.17/245.11
02-04-25 17:37:40,9.7,74.6,95.17/245.11
02-04-25 17:37:42,5.5,74.6,95.16/245.11
02-04-25 17:37:44,7.4,74.4,95.16/245.11
02-04-25 17:37:46,6.7,74.3,95.16/245.11
02-04-25 17:37:48,3.0,74.3,95.16/245.11
02-04-25 17:37:50,11.3,74.6,95.16/245.11
02-04-25 17:37:52,8.8,75.3,95.16/245.11
02-04-25 17:37:54,7.1,74.7,95.16/245.11
02-04-25 17:37:56,6.7,74.5,95.16/245.11
02-04-25 17:37:58,6.5,74.5,95.16/245.11
02-04-25 17:38:00,19.7,74.6,95.16/245.11
02-04-25 17:38:03,6.5,74.4,95.16/245.11
02-04-25 17:38:05,5.8,74.3,95.16/245.11
02-04-25 17:38:07,5.3,74.5,95.16/245.11
02-04-25 17:38:09,4.0,74.4,95.16/245.11
02-04-25 17:38:11,3.8,74.0,95.16/245.11
02-04-25 17:38:13,3.9,74.1,95.16/245.11
02-04-25 17:38:15,6.0,74.0,95.16/245.11
02-04-25 17:38:17,4.9,74.6,95.16/245.11
02-04-25 17:38:19,2.4,74.2,95.16/245.11
02-04-25 17:38:21,2.5,74.2,95.16/245.11
02-04-25 17:38:23,5.3,74.1,95.16/245.11
02-04-25 17:38:25,4.7,74.1,95.16/245.11
02-04-25 17:38:27,3.0,73.7,95.16/245.11
02-04-25 17:38:29,2.2,73.5,95.16/245.11
02-04-25 17:38:31,5.1,73.7,95.16/245.11
02-04-25 17:38:33,8.6,73.9,95.16/245.11
02-04-25 17:38:35,4.3,74.1,95.16/245.11
02-04-25 17:38:37,3.9,74.1,95.16/245.11
02-04-25 17:38:39,5.5,74.2,95.16/245.11
02-04-25 17:38:41,6.5,74.2,95.16/245.11
02-04-25 17:38:43,4.1,74.2,95.16/245.11
02-04-25 17:38:45,6.2,74.2,95.16/245.11
02-04-25 17:38:47,7.9,74.2,95.16/245.11
02-04-25 17:38:49,9.1,74.3,95.16/245.11
02-04-25 17:38:51,3.7,74.2,95.16/245.11
02-04-25 17:38:53,2.4,74.2,95.16/245.11
02-04-25 17:38:55,7.3,74.2,95.16/245.11
02-04-25 17:38:57,6.0,74.2,95.16/245.11
02-04-25 17:38:59,3.5,74.3,95.16/245.11
02-04-25 17:39:01,2.7,74.2,95.16/245.11
02-04-25 17:39:03,2.3,74.2,95.16/245.11
02-04-25 17:39:05,2.7,74.2,95.16/245.11
02-04-25 17:39:07,2.4,74.2,95.16/245.11
02-04-25 17:39:09,2.2,74.2,95.16/245.11
02-04-25 17:39:11,6.7,74.2,95.16/245.11
02-04-25 17:39:13,1.9,74.2,95.16/245.11
02-04-25 17:39:15,3.0,74.2,95.16/245.11
02-04-25 17:39:17,3.3,74.8,95.16/245.11
02-04-25 17:39:19,3.1,74.8,95.16/245.11
02-04-25 17:39:21,2.9,74.3,95.16/245.11
02-04-25 17:39:23,2.9,74.3,95.16/245.11
02-04-25 17:39:25,3.0,74.3,95.16/245.11
02-04-25 17:39:27,2.8,74.3,95.16/245.11
02-04-25 17:39:29,2.1,74.2,95.16/245.11
02-04-25 17:39:31,2.9,74.1,95.16/245.11
02-04-25 17:39:33,1.8,74.1,95.16/245.11
02-04-25 17:39:35,2.1,74.1,95.16/245.11
02-04-25 17:39:37,4.3,74.1,95.16/245.11
02-04-25 17:39:39,4.6,74.2,95.17/245.11
02-04-25 17:39:41,3.0,74.2,95.17/245.11
02-04-25 17:39:43,2.5,74.2,95.17/245.11
02-04-25 17:39:45,1.8,74.2,95.17/245.11
02-04-25 17:39:47,2.8,74.3,95.17/245.11
02-04-25 17:39:49,2.4,74.3,95.17/245.11
02-04-25 17:39:51,2.0,74.3,95.17/245.11
02-04-25 17:39:53,7.0,74.0,95.17/245.11
02-04-25 17:39:55,4.6,74.0,95.17/245.11
02-04-25 17:39:57,2.9,74.0,95.17/245.11
02-04-25 17:39:59,2.2,74.0,95.17/245.11
02-04-25 17:40:01,3.0,74.0,95.17/245.11
02-04-25 17:40:03,6.5,74.2,95.17/245.11
02-04-25 17:40:05,2.5,74.1,95.17/245.11
02-04-25 17:40:07,5.8,74.5,95.17/245.11
02-04-25 17:40:09,6.5,74.1,95.17/245.11
02-04-25 17:40:11,8.7,74.0,95.17/245.11
02-04-25 17:40:13,7.0,73.9,95.17/245.11
02-04-25 17:40:15,3.6,73.7,95.17/245.11
02-04-25 17:40:17,3.4,74.1,95.17/245.11
02-04-25 17:40:19,3.1,73.6,95.17/245.11
02-04-25 17:40:21,4.7,73.9,95.17/245.11
02-04-25 17:40:23,5.5,73.8,95.17/245.11
02-04-25 17:40:25,7.2,73.8,95.17/245.11
02-04-25 17:40:27,16.4,74.0,95.17/245.11
02-04-25 17:40:29,5.7,73.7,95.17/245.11
02-04-25 17:40:31,6.6,73.7,95.17/245.11
02-04-25 17:40:33,3.5,73.6,95.17/245.11
02-04-25 17:40:35,4.3,73.7,95.17/245.11
02-04-25 17:40:37,5.9,73.6,95.17/245.11
02-04-25 17:40:39,2.8,73.5,95.17/245.11
02-04-25 17:40:41,2.8,73.5,95.17/245.11
02-04-25 17:40:43,2.1,73.5,95.17/245.11
02-04-25 17:40:45,2.7,73.5,95.17/245.11
02-04-25 17:40:47,2.2,73.5,95.17/245.11
02-04-25 17:40:49,2.9,73.5,95.17/245.11
02-04-25 17:40:51,2.8,73.5,95.17/245.11
02-04-25 17:40:53,1.8,73.5,95.17/245.11
02-04-25 17:40:55,3.9,73.5,95.17/245.11
02-04-25 17:40:57,1.9,73.5,95.17/245.11
02-04-25 17:40:59,2.0,73.5,95.17/245.11
02-04-25 17:41:01,2.8,73.5,95.17/245.11
02-04-25 17:41:03,2.0,73.5,95.17/245.11
02-04-25 17:41:05,2.6,73.5,95.17/245.11
02-04-25 17:41:07,2.0,73.5,95.17/245.11
02-04-25 17:41:09,2.2,73.5,95.17/245.11
02-04-25 17:41:11,2.7,73.5,95.17/245.11
02-04-25 17:41:13,1.8,73.5,95.17/245.11
02-04-25 17:41:15,2.8,73.5,95.17/245.11
02-04-25 17:41:17,2.5,74.0,95.17/245.11
02-04-25 17:41:19,2.2,73.5,95.17/245.11
02-04-25 17:41:21,3.8,73.7,95.17/245.11
02-04-25 17:41:23,5.9,73.5,95.17/245.11
02-04-25 17:41:25,6.4,73.7,95.16/245.11
02-04-25 17:41:27,3.6,73.6,95.16/245.11
02-04-25 17:41:29,2.8,73.5,95.16/245.11
02-04-25 17:41:31,6.9,73.7,95.16/245.11
02-04-25 17:41:33,6.2,73.7,95.16/245.11
02-04-25 17:41:35,4.9,73.6,95.16/245.11
02-04-25 17:41:37,6.3,73.8,95.16/245.11
02-04-25 17:41:39,7.5,73.6,95.16/245.11
